0,1,2,3,4,5,6
-0.011317671275000106,-0.006757702775759143,-0.005189071105960326,-0.0005371425599935182,0.012216051847609368,0.014075160770999243,-0.014888305506443142
-0.011317671275000106,-0.006757702775759143,0.005715886798521017,-0.0005371425599935182,0.012216051847609368,0.014075160770999243,1.8269103750530233
-0.07400603351077767,-0.006757702775759143,0.005715886798521017,-0.03806381081052621,0.012216051847609368,0.014075160770999243,1.8291874636115018
-0.011317671275000106,-0.006757702775759143,0.005715886798521017,-0.0005371425599935182,0.012216051847609368,-0.17101568385133442,-0.014888305506443142
-0.0003551424235727057,0.3226609242739386,0.005715886798521017,-0.0005371425599935182,0.012216051847609368,0.014075160770999243,-0.014888305506443142
0.06826137186841463,-0.006757702775759143,0.005715886798521017,-0.0005371425599935182,0.012216051847609368,0.014075160770999243,-0.014888305506443142
-0.011317671275000106,-0.006757702775759143,0.005715886798521017,-0.0005371425599935182,-0.2707628168357628,-0.16665180640121685,-0.014888305506443142
-0.011317671275000106,-0.006757702775759143,0.005715886798521017,-0.0005371425599935182,0.012216051847609368,0.014075160770999243,-0.014888305506443142
0.06824989789410413,0.32474325335157306,0.005715886798521017,-0.03583375488576503,0.012216051847609368,-0.16374301417473436,1.8294730871473692
-0.011317671275000106,-0.006757702775759143,0.005715886798521017,-0.0005371425599935182,-0.2619930398711989,-0.16206987457258143,1.828989986176092
-0.011317671275000106,-0.006757702775759143,0.005715886798521017,-0.0005371425599935182,0.012216051847609368,0.014075160770999243,1.8333327704470002
0.22034644410930068,-0.006757702775759143,-0.010008165414710377,-0.0005371425599935182,-0.24896976215368732,0.014075160770999243,-0.014888305506443142
-0.026851322769423314,-0.006757702775759143,0.005715886798521017,-0.0005371425599935182,0.012216051847609368,0.014075160770999243,1.836286592784626
0.06733008930613366,0.3247170808661922,0.005715886798521017,-0.0005371425599935182,0.012216051847609368,0.014075160770999243,1.8374709361094441
-0.12752239797107984,0.32797095154153194,0.005715886798521017,-0.0005371425599935182,0.012216051847609368,0.014075160770999243,-0.014888305506443142
0.042150707779185115,-0.006757702775759143,0.005715886798521017,-0.0005371425599935182,0.012216051847609368,0.014075160770999243,-0.014888305506443142
0.016645815470904157,0.33132249640919764,-0.014574514695445275,-0.0005371425599935182,0.012216051847609368,0.014075160770999243,1.8385012804894418
0.21931447922324077,0.33321477892383033,0.005715886798521017,-0.03426180226180881,0.012216051847609368,0.014075160770999243,1.8393387208210203
-0.011317671275000106,-0.006757702775759143,0.005715886798521017,-0.0005371425599935182,0.012216051847609368,-0.1613854685363973,-0.014888305506443142
-0.011317671275000106,-0.006757702775759143,0.005715886798521017,-0.033461942042804435,-0.23652187085950382,0.014075160770999243,1.8405207287675578
0.2215558917312094,-0.006757702775759143,0.005715886798521017,-0.0005371425599935182,0.012216051847609368,-0.16128316141111265,-0.014888305506443142
-0.011317671275000106,-0.006757702775759143,0.005715886798521017,-0.0005371425599935182,0.012216051847609368,-0.16109623886723579,-0.014888305506443142
-0.01114467533974736,-0.006757702775759143,0.005715886798521017,-0.0005371425599935182,0.012216051847609368,0.014075160770999243,1.844462908431096
0.03986640857637397,0.3337067151749056,0.005715886798521017,-0.0005371425599935182,0.012216051847609368,0.014075160770999243,1.8472151674497634
-0.011317671275000106,0.3333231339532874,0.005715886798521017,-0.0005371425599935182,0.012216051847609368,0.014075160770999243,1.849327651615604
-0.0469360022869551,0.3323152350903761,0.005715886798521017,-0.0005371425599935182,0.012216051847609368,0.014075160770999243,-0.014888305506443142
-0.08014362563226339,0.331348415266447,0.005715886798521017,-0.0005371425599935182,0.012216051847609368,0.014075160770999243,1.8509943587450313
-0.011317671275000106,-0.006757702775759143,-0.018867530425691094,-0.0005371425599935182,0.012216051847609368,0.014075160770999243,-0.014888305506443142
-0.03434719559344618,-0.006757702775759143,-0.022686432785132736,-0.0005371425599935182,0.012216051847609368,0.014075160770999243,-0.014888305506443142
-0.08617271038238457,0.32968581271753583,0.005715886798521017,-0.0005371425599935182,-0.2205334562834773,-0.16092800857774664,1.8516546035915706
0.22412800844321204,-0.006757702775759143,0.005715886798521017,-0.028973577327131846,0.012216051847609368,-0.15628404772191035,-0.014888305506443142
0.000661092957959521,0.33083309664598975,0.005715886798521017,-0.0005371425599935182,0.012216051847609368,0.014075160770999243,1.8598337738930824
-0.011317671275000106,-0.006757702775759143,0.005715886798521017,-0.0005371425599935182,0.012216051847609368,-0.1520934190462688,-0.014888305506443142
0.3054980234641493,0.3311621314475929,0.005715886798521017,-0.024974688345999512,-0.2029439472106251,0.014075160770999243,1.8669242862699467
0.29847483105618816,-0.006757702775759143,-0.026967103898966553,-0.0005371425599935182,0.012216051847609368,-0.14864082167283435,1.8738572135726266
0.29093135138311815,-0.006757702775759143,0.005715886798521017,-0.0005371425599935182,0.012216051847609368,-0.14531744285229564,-0.014888305506443142
-0.03923315491066731,-0.006757702775759143,-0.030924547048314863,-0.0005371425599935182,-0.18665260938497752,0.014075160770999243,1.8791757286932314
-0.011317671275000106,0.3393996939756244,0.005715886798521017,-0.0005371425599935182,0.012216051847609368,0.014075160770999243,1.8821168548141813
-0.04698040186757546,0.3472032043038219,0.005715886798521017,-0.0005371425599935182,0.012216051847609368,-0.14179918093507005,-0.014888305506443142
0.016939717972692322,0.3554338518871335,0.005715886798521017,-0.0005371425599935182,0.012216051847609368,0.014075160770999243,-0.014888305506443142
-0.011317671275000106,-0.006757702775759143,-0.035695271046404305,-0.0005371425599935182,0.012216051847609368,-0.1314620655585299,-0.014888305506443142
-0.011317671275000106,-0.006757702775759143,0.005715886798521017,-0.0005371425599935182,0.012216051847609368,0.014075160770999243,1.8845306772449384
0.2269923979456842,-0.006757702775759143,0.005715886798521017,-0.0005371425599935182,0.012216051847609368,0.014075160770999243,-0.014888305506443142
-0.011317671275000106,-0.006757702775759143,0.005715886798521017,-0.0005371425599935182,-0.17251853290437918,0.014075160770999243,-0.014888305506443142
0.006491094348420318,0.35556610143801903,0.005715886798521017,-0.0005371425599935182,0.012216051847609368,0.014075160770999243,1.8851315436303875
0.28393233088307895,-0.006757702775759143,0.005715886798521017,-0.02134463798490276,0.012216051847609368,0.014075160770999243,1.8854140818325995
-0.0869041323613458,-0.006757702775759143,-0.040288850154589745,-0.0005371425599935182,0.012216051847609368,-0.12282861429701011,1.882122934802582
-0.024592759068810616,0.35529119427835243,-0.04543795016580944,-0.0005371425599935182,0.012216051847609368,0.014075160770999243,-0.014888305506443142
0.03744610868901227,-0.006757702775759143,0.005715886798521017,-0.0005371425599935182,0.012216051847609368,0.014075160770999243,1.8765950077687805
0.008430642467718784,0.3561328909312508,0.005715886798521017,-0.0005371425599935182,0.012216051847609368,0.014075160770999243,-0.014888305506443142
-0.0889799875178152,-0.006757702775759143,0.005715886798521017,-0.0005371425599935182,0.012216051847609368,-0.1163663700173628,-0.014888305506443142
0.22978196933021233,-0.006757702775759143,0.005715886798521017,-0.017302960325096036,0.012216051847609368,0.014075160770999243,1.8705986033764905
-0.09136772388034828,0.3473909403101262,0.005715886798521017,-0.0005371425599935182,0.012216051847609368,0.014075160770999243,1.8651423883270504
-0.12990185897912104,0.33897786180067835,0.005715886798521017,-0.0005371425599935182,0.012216051847609368,0.014075160770999243,1.8598644366928554
-0.011317671275000106,-0.006757702775759143,0.005715886798521017,-0.0005371425599935182,0.012216051847609368,-0.11112275870382488,-0.014888305506443142
-0.011317671275000106,-0.006757702775759143,-0.049600639413204715,-0.0005371425599935182,-0.15977948991918128,-0.10649881644379755,1.8545802359387686
0.23189986405170387,-0.006757702775759143,0.005715886798521017,-0.0005371425599935182,0.012216051847609368,-0.1037385659946346,1.8445966263678415
0.03500130242558891,0.33309664187354715,0.005715886798521017,-0.0005371425599935182,0.012216051847609368,0.014075160770999243,1.8346263129296159
0.23364534087291683,0.3276632701272103,0.005715886798521017,-0.0005371425599935182,0.012216051847609368,0.014075160770999243,-0.014888305506443142
0.2748947173620498,-0.006757702775759143,0.005715886798521017,-0.0005371425599935182,0.012216051847609368,0.014075160770999243,-0.014888305506443142
0.23611745305087703,-0.006757702775759143,0.005715886798521017,-0.013784276533887679,0.012216051847609368,-0.1009944917078523,1.8260236639391245
-0.011317671275000106,0.32461158799950296,0.005715886798521017,-0.010928690065474738,0.012216051847609368,0.014075160770999243,-0.014888305506443142
0.23778241695092242,-0.006757702775759143,0.005715886798521017,-0.0005371425599935182,-0.14882646010943834,0.014075160770999243,1.8163649832049196
-0.011317671275000106,-0.006757702775759143,0.005715886798521017,-0.0005371425599935182,0.012216051847609368,0.014075160770999243,1.805854198449864
0.238581612849964,-0.006757702775759143,0.005715886798521017,-0.0005371425599935182,0.012216051847609368,-0.09864926419196585,1.794314210650419
-0.025811705007486252,0.322968534280094,0.005715886798521017,-0.0005371425599935182,0.012216051847609368,-0.09619531307738996,1.779411422590781
-0.011317671275000106,-0.006757702775759143,-0.054590182072863626,-0.0005371425599935182,0.012216051847609368,0.014075160770999243,-0.014888305506443142
0.001585888485764646,0.32155204914134183,0.005715886798521017,-0.0005371425599935182,0.012216051847609368,0.014075160770999243,1.7648453350820603
-0.011317671275000106,0.3223157468518997,0.005715886798521017,-0.00802123083266152,0.012216051847609368,0.014075160770999243,-0.014888305506443142
0.2621932032482214,0.3245998417715402,0.005715886798521017,-0.005110013771917666,0.012216051847609368,0.014075160770999243,-0.014888305506443142
0.238699964333904,-0.006757702775759143,0.005715886798521017,-0.0005371425599935182,-0.13872616027807666,-0.09318076512199935,1.7503612615791824
-0.046469616976322375,0.32260773331753934,0.005715886798521017,-0.0005371425599935182,0.012216051847609368,0.014075160770999243,1.7349731819112109
-0.04524117874360628,0.3197472027652847,0.005715886798521017,-0.0005371425599935182,0.012216051847609368,0.014075160770999243,-0.014888305506443142
0.237913610298433,0.31774930874186735,0.005715886798521017,-0.004637264764950887,0.012216051847609368,0.014075160770999243,-0.014888305506443142
-0.04629646394406263,0.31788047882193615,0.005715886798521017,-0.0005371425599935182,0.012216051847609368,0.014075160770999243,-0.014888305506443142
-0.011317671275000106,0.3184181876176716,0.005715886798521017,-0.0013685303539905697,-0.12993960282656092,0.014075160770999243,-0.014888305506443142
0.24726152289410902,-0.006757702775759143,0.005715886798521017,-0.0005371425599935182,0.012216051847609368,0.014075160770999243,-0.014888305506443142
-0.011317671275000106,-0.006757702775759143,-0.06045815237817678,-0.0005371425599935182,-0.12141270944141631,-0.09074193657286478,-0.014888305506443142
0.24142148831688698,-0.006757702775759143,0.005715886798521017,0.0028745846095322397,0.012216051847609368,-0.08923051355992284,1.7193210794706826
0.24377516898013857,-0.006757702775759143,0.005715886798521017,-0.0005371425599935182,0.012216051847609368,0.014075160770999243,-0.014888305506443142
-0.011317671275000106,-0.006757702775759143,0.005715886798521017,-0.0005371425599935182,-0.10338875397967469,0.014075160770999243,-0.014888305506443142
-0.027329255243978307,0.32175520476083863,0.005715886798521017,0.007660336982939854,0.012216051847609368,0.014075160770999243,-0.014888305506443142
-0.011317671275000106,-0.006757702775759143,0.005715886798521017,-0.0005371425599935182,0.012216051847609368,0.014075160770999243,-0.014888305506443142
-0.011317671275000106,0.3251241972838438,0.005715886798521017,-0.0005371425599935182,0.012216051847609368,-0.08759873737863455,-0.014888305506443142
0.237939699791818,-0.006757702775759143,0.005715886798521017,-0.0005371425599935182,-0.08642221397963819,0.014075160770999243,-0.014888305506443142
0.2324519692712282,-0.006757702775759143,0.005715886798521017,-0.0005371425599935182,0.012216051847609368,0.014075160770999243,-0.014888305506443142
0.06598213714663587,0.3296349140411442,0.005715886798521017,0.013539073967895745,0.012216051847609368,0.014075160770999243,1.700660588528634
0.033166546398918084,-0.006757702775759143,0.005715886798521017,-0.0005371425599935182,0.012216051847609368,-0.0846026954833779,-0.014888305506443142
-0.011317671275000106,0.33211320316875315,0.005715886798521017,-0.0005371425599935182,0.012216051847609368,0.014075160770999243,-0.014888305506443142
0.03142137678622953,0.33575761721546604,0.005715886798521017,-0.0005371425599935182,0.012216051847609368,0.014075160770999243,-0.014888305506443142
0.06504231768916585,-0.006757702775759143,0.005715886798521017,-0.0005371425599935182,0.012216051847609368,0.014075160770999243,1.6822634153776133
0.22779932991346313,-0.006757702775759143,0.005715886798521017,-0.0005371425599935182,0.012216051847609368,0.014075160770999243,-0.014888305506443142
-0.027120172481607974,0.3345132139704742,0.005715886798521017,-0.0005371425599935182,0.012216051847609368,0.014075160770999243,1.6608921357995208
-0.011317671275000106,-0.006757702775759143,0.005715886798521017,0.019668562686966564,0.012216051847609368,0.014075160770999243,1.6392593306297016
0.010897087449482345,0.3330595222232532,0.005715886798521017,-0.0005371425599935182,0.012216051847609368,0.014075160770999243,1.6173513080773685
0.22397864806700135,0.33140302267345023,0.005715886798521017,-0.0005371425599935182,0.012216051847609368,-0.08120687942037086,1.5954288266718486
0.21995060914192738,-0.006757702775759143,0.005715886798521017,-0.0005371425599935182,-0.06926128472632072,0.014075160770999243,-0.014888305506443142
0.008511087404867975,0.33297675489278744,0.005715886798521017,-0.0005371425599935182,0.012216051847609368,0.014075160770999243,-0.014888305506443142
0.06478414149138867,0.33501931986483735,0.005715886798521017,-0.0005371425599935182,0.012216051847609368,0.014075160770999243,1.5744518311177427
0.06430686431165689,0.3374579527685958,-0.07550360452102457,-0.0005371425599935182,0.012216051847609368,-0.07703362196450059,1.5527141350728695
-0.002263476896761289,0.3484490409376232,0.005715886798521017,-0.0005371425599935182,0.012216051847609368,0.014075160770999243,1.536533014175409
-0.13210430717178076,-0.006757702775759143,0.005715886798521017,-0.0005371425599935182,0.012216051847609368,0.014075160770999243,-0.014888305506443142
0.233743932799848,-0.006757702775759143,0.005715886798521017,-0.0005371425599935182,-0.05196937871573643,0.014075160770999243,-0.014888305506443142
0.21640653682057281,-0.006757702775759143,0.005715886798521017,-0.0005371425599935182,0.012216051847609368,-0.06913666062422974,-0.014888305506443142
0.22307250618654823,-0.006757702775759143,0.005715886798521017,-0.0005371425599935182,-0.03460824270328406,-0.06005297539451354,-0.014888305506443142
-0.011317671275000106,-0.006757702775759143,0.005715886798521017,-0.0005371425599935182,0.012216051847609368,-0.05079741046800662,-0.014888305506443142
-0.011317671275000106,-0.006757702775759143,0.005715886798521017,0.024580151970148924,-0.01678633871406316,-0.04132515887003668,1.519019136419119
-0.02863288257898358,-0.006757702775759143,0.005715886798521017,-0.0005371425599935182,-0.0017472750992534956,0.014075160770999243,-0.014888305506443142
0.21282622999138595,-0.006757702775759143,0.005715886798521017,-0.0005371425599935182,0.012216051847609368,-0.036738028176312665,-0.014888305506443142
0.06733598906820115,0.35863902342844745,0.005715886798521017,-0.0005371425599935182,0.012216051847609368,0.014075160770999243,-0.014888305506443142
0.20351889371200516,-0.006757702775759143,0.005715886798521017,-0.0005371425599935182,0.012216051847609368,-0.03190235088750498,-0.014888305506443142
0.21307787706833653,-0.006757702775759143,0.005715886798521017,-0.0005371425599935182,0.012216051847609368,-0.026305852024200934,1.5002666353575933
0.20842311245219042,-0.006757702775759143,-0.08155436829925439,-0.0005371425599935182,0.012216051847609368,0.014075160770999243,-0.014888305506443142
0.20403132041794286,0.3635508354419553,0.005715886798521017,0.02723199284441721,0.012545850698314978,0.014075160770999243,1.4804891669496147
-0.011317671275000106,-0.006757702775759143,0.005715886798521017,-0.0005371425599935182,0.0264941980494569,-0.021048762121709638,-0.014888305506443142
-0.044282675189427516,0.3683694426963037,0.005715886798521017,-0.0005371425599935182,0.012216051847609368,0.014075160770999243,1.4608031922029892
-0.01236207982394255,0.3712865164561233,0.005715886798521017,-0.0005371425599935182,0.012216051847609368,0.014075160770999243,1.4402114307900853
-0.026421787326595864,0.37285932187525683,0.005715886798521017,-0.0005371425599935182,0.012216051847609368,-0.01622765983747809,1.4200158749330332
-0.011317671275000106,-0.006757702775759143,0.005715886798521017,-0.0005371425599935182,0.03866455036385568,0.014075160770999243,1.3989261232222667
-0.04840892852605233,0.37356971359320446,0.005715886798521017,-0.0005371425599935182,0.04877917709999307,0.014075160770999243,-0.014888305506443142
0.19492800130522842,0.3688846349310083,0.005715886798521017,-0.0005371425599935182,0.012216051847609368,0.014075160770999243,1.3756991427313328
-0.011317671275000106,0.36369831739521497,0.005715886798521017,0.030122272320790313,0.053078873075593606,0.014075160770999243,1.3522229239784196
-0.011317671275000106,0.3600876904807052,0.005715886798521017,-0.0005371425599935182,0.05690618129924823,-0.012453260566530563,-0.014888305506443142
0.1985945239609221,-0.006757702775759143,-0.08671595335890635,-0.0005371425599935182,0.06193516791533998,0.014075160770999243,1.3282158360866874
0.003217068091126313,0.35699128976970107,-0.09279209271159902,-0.0005371425599935182,0.012216051847609368,0.014075160770999243,-0.014888305506443142
-0.09350650688631135,0.3535889492105394,0.005715886798521017,-0.0005371425599935182,0.06265883764343698,0.014075160770999243,1.302785948943462
0.1868093810001469,-0.006757702775759143,0.005715886798521017,-0.0005371425599935182,0.06238078165966603,-0.007184601589648728,1.275924687114766
0.19182812992540693,-0.006757702775759143,0.005715886798521017,-0.0005371425599935182,0.012216051847609368,-0.001907028101467808,-0.014888305506443142
0.06672055582958847,0.34843196058294146,0.005715886798521017,-0.0005371425599935182,0.05828612354976342,0.014075160770999243,-0.014888305506443142
0.1854246777188528,0.34360212012035396,0.005715886798521017,-0.0005371425599935182,0.012216051847609368,0.014075160770999243,-0.014888305506443142
0.16895780833964813,-0.006757702775759143,-0.09732551611061684,-0.0005371425599935182,0.012216051847609368,0.004134827400997968,-0.014888305506443142
0.17486748092986454,-0.006757702775759143,0.005715886798521017,0.03130636863672206,0.012216051847609368,0.014075160770999243,1.248139636304484
-0.13451220866283492,-0.006757702775759143,-0.10115948083382229,-0.0005371425599935182,0.012216051847609368,0.014075160770999243,-0.014888305506443142
-0.011317671275000106,0.33389028070694826,0.005715886798521017,-0.0005371425599935182,0.012216051847609368,0.014075160770999243,-0.014888305506443142
0.16213329865730802,-0.006757702775759143,0.005715886798521017,-0.0005371425599935182,0.012216051847609368,0.010453232041515107,1.2187427427799655
0.025962035756142032,0.3242284416570641,0.005715886798521017,-0.0005371425599935182,0.05228675473366611,0.014075160770999243,1.1882081383636927
-0.02505305711588987,-0.006757702775759143,-0.1054900312794329,-0.0005371425599935182,0.012216051847609368,0.014075160770999243,1.1568692162714183
-0.13760303350993253,0.31348773264260255,0.005715886798521017,-0.0005371425599935182,0.012216051847609368,0.016507440965292223,1.1233977320845459
0.1481406170196337,-0.006757702775759143,-0.11125906852246155,-0.0005371425599935182,0.012216051847609368,0.021507846309704485,-0.014888305506443142
-0.011317671275000106,-0.006757702775759143,-0.11681790607592937,-0.0005371425599935182,0.012216051847609368,0.014075160770999243,1.0884787902869821
-0.011317671275000106,-0.006757702775759143,0.005715886798521017,0.031458360082898894,0.012216051847609368,0.014075160770999243,-0.014888305506443142
0.1338913323583119,0.3018532816663676,0.005715886798521017,0.03125718888859504,0.012216051847609368,0.014075160770999243,1.056355198304675
0.0035856628126803274,0.28913142745825005,-0.11862529836331134,-0.0005371425599935182,0.012216051847609368,0.02628069593777294,1.0237828856934883
-0.011317671275000106,-0.006757702775759143,0.005715886798521017,0.031024963511709327,0.012216051847609368,0.030410670239490404,0.9901219195135226
0.06679592618695046,-0.006757702775759143,-0.1211068669354964,-0.0005371425599935182,0.012216051847609368,0.014075160770999243,0.9544114007287493
-0.025766305464668626,-0.006757702775759143,-0.1247517332060918,-0.0005371425599935182,0.012216051847609368,0.03299000143345837,-0.014888305506443142
0.15187574154956263,0.27759318059627847,0.005715886798521017,-0.0005371425599935182,0.012216051847609368,0.03519924711727862,0.9163913517478807
-0.011317671275000106,-0.006757702775759143,0.005715886798521017,-0.0005371425599935182,0.012216051847609368,0.014075160770999243,-0.014888305506443142
-0.04110256365376268,0.2656411447575936,0.005715886798521017,-0.0005371425599935182,0.012216051847609368,0.014075160770999243,0.8781419087626566
0.13570972399017187,-0.006757702775759143,-0.12832708629136788,-0.0005371425599935182,0.012216051847609368,0.014075160770999243,0.835705547268888
-0.011317671275000106,-0.006757702775759143,0.005715886798521017,0.029411529330272548,0.012216051847609368,0.014075160770999243,0.7953829597031091
0.12352776435362534,-0.006757702775759143,0.005715886798521017,-0.0005371425599935182,0.012216051847609368,0.03784949255515713,0.753869031670079
0.11975113775595453,-0.006757702775759143,0.005715886798521017,0.027672030273610284,0.04575281026730487,0.039228595945889844,0.7120663818261451
0.11077077791217496,-0.006757702775759143,0.005715886798521017,-0.0005371425599935182,0.012216051847609368,0.03935535844786492,-0.014888305506443142
0.10532386567027746,-0.006757702775759143,-0.12862285596415166,-0.0005371425599935182,0.012216051847609368,0.014075160770999243,-0.014888305506443142
-0.011317671275000106,-0.006757702775759143,0.005715886798521017,-0.0005371425599935182,0.039217701067698,0.0397683415491481,-0.014888305506443142
-0.09584430940555522,-0.006757702775759143,0.005715886798521017,-0.0005371425599935182,0.012216051847609368,0.0395432354182948,-0.014888305506443142
0.0035856628126803274,0.2529445558558866,0.005715886798521017,-0.0005371425599935182,0.03294394840634989,0.014075160770999243,0.6688393448349884
0.020815581183508625,0.23962501049402773,0.005715886798521017,0.027224884948188834,0.012216051847609368,0.014075160770999243,-0.014888305506443142
0.0988220879805827,0.22606574287353232,0.005715886798521017,-0.0005371425599935182,0.012216051847609368,0.014075160770999243,-0.014888305506443142
-0.011317671275000106,-0.006757702775759143,0.005715886798521017,-0.0005371425599935182,0.012216051847609368,0.035997670438718654,0.6250337660909874
-0.011317671275000106,0.20974235871079572,0.005715886798521017,-0.0005371425599935182,0.027301287681598167,0.014075160770999243,0.5799897332140197
-0.05392543845655723,0.18983399513614663,0.005715886798521017,-0.0005371425599935182,0.02139767466901881,0.014075160770999243,-0.014888305506443142
0.0846140270750889,-0.006757702775759143,0.005715886798521017,-0.0005371425599935182,0.012216051847609368,0.014075160770999243,0.5346090467909629
0.09003239479338859,0.1701167990043163,0.005715886798521017,-0.0005371425599935182,0.01616287540817401,0.014075160770999243,0.4889010833839126
-0.05697051653383772,-0.006757702775759143,-0.1284938654403332,-0.0005371425599935182,0.012216051847609368,0.014075160770999243,-0.014888305506443142
0.004052421448703854,0.15265604090464813,0.005715886798521017,-0.0005371425599935182,0.012216051847609368,0.014075160770999243,0.44277904789730116
0.07031910561550794,0.1349510592566482,0.005715886798521017,-0.0005371425599935182,0.012216051847609368,0.032388278602884124,0.3963374007385517
-0.011317671275000106,-0.006757702775759143,-0.12821645488605746,-0.0005371425599935182,0.010719223867778951,0.02874051378282994,-0.014888305506443142
-0.011317671275000106,-0.006757702775759143,-0.1270919809859648,-0.0005371425599935182,0.012216051847609368,0.024732406220174866,0.35016744841703507
0.07461926437939953,-0.006757702775759143,0.005715886798521017,-0.0005371425599935182,0.012216051847609368,0.022232316876431794,-0.014888305506443142
-0.011317671275000106,-0.006757702775759143,-0.12470660453857428,-0.0005371425599935182,0.012216051847609368,0.014075160770999243,0.3047535863635772
-0.09813735552132487,-0.006757702775759143,0.005715886798521017,-0.0005371425599935182,0.012216051847609368,0.014075160770999243,-0.014888305506443142
0.05669911991038813,0.1174438375640864,0.005715886798521017,-0.0005371425599935182,0.005235603078732656,0.014075160770999243,0.2583454289182924
0.016741947456333228,0.1000363437427222,0.005715886798521017,-0.0005371425599935182,-0.0001819459002036592,0.019729375956701826,0.21200956303185337
-0.01082836707217799,0.08310199173998369,0.005715886798521017,-0.0005371425599935182,0.012216051847609368,0.014075160770999243,0.16592457102627833
-0.011317671275000106,-0.006757702775759143,0.005715886798521017,-0.0005371425599935182,0.012216051847609368,0.016736007399916878,0.11945654003549956
-0.10047980903128154,-0.006757702775759143,0.005715886798521017,-0.0005371425599935182,0.012216051847609368,0.014075160770999243,-0.014888305506443142
-0.010877527106732619,0.06832785560367206,-0.12167854536807883,-0.0005371425599935182,0.012216051847609368,0.014075160770999243,0.07483930136422069
0.043538330699065014,0.05291124040959096,0.005715886798521017,0.02759174809718531,0.012216051847609368,0.014075160770999243,-0.014888305506443142
-0.011317671275000106,-0.006757702775759143,0.005715886798521017,-0.0005371425599935182,0.012216051847609368,0.013983540442976398,0.030279064276942283
-0.011317671275000106,-0.006757702775759143,-0.11755351891432979,-0.0005371425599935182,0.012216051847609368,0.014075160770999243,-0.014888305506443142
0.0008636629253241917,-0.006757702775759143,0.005715886798521017,-0.0005371425599935182,0.012216051847609368,0.014075160770999243,-0.014888305506443142
-0.011317671275000106,-0.006757702775759143,-0.11322667333547103,-0.0005371425599935182,0.012216051847609368,0.014075160770999243,-0.015607483613826342
0.059920492755592025,-0.006757702775759143,0.005715886798521017,-0.0005371425599935182,0.012216051847609368,0.014075160770999243,-0.014888305506443142
-0.013926052208725668,0.037673253907887574,0.005715886798521017,-0.0005371425599935182,0.012216051847609368,0.011204386951818416,-0.061855602127104045
0.04585719627174639,0.022544034375153857,0.005715886798521017,-0.0005371425599935182,0.012216051847609368,0.014075160770999243,-0.014888305506443142
-0.011317671275000106,-0.006757702775759143,0.005715886798521017,0.02527242233705326,0.012216051847609368,0.014075160770999243,-0.10740862594758026
-0.10289605731283374,-0.006757702775759143,0.005715886798521017,-0.0005371425599935182,0.012216051847609368,0.014075160770999243,-0.15172560386364153
-0.011317671275000106,0.006087875137498546,0.005715886798521017,-0.0005371425599935182,0.012216051847609368,0.014075160770999243,-0.193335517796
-0.011317671275000106,-0.006757702775759143,0.005715886798521017,-0.0005371425599935182,0.012216051847609368,0.014075160770999243,-0.014888305506443142
0.004114366974416932,-0.010108234813923964,0.005715886798521017,-0.0005371425599935182,0.012216051847609368,0.014075160770999243,-0.23491640782413803
0.03287992238030374,-0.006757702775759143,-0.10791181980457681,-0.0005371425599935182,0.012216051847609368,0.008928456437797497,-0.014888305506443142
0.006510232667401137,-0.026592787609458365,0.005715886798521017,-0.0005371425599935182,0.012216051847609368,0.014075160770999243,-0.2752175569016736
-0.02646041783654668,-0.04022288255570215,0.005715886798521017,-0.0005371425599935182,0.012216051847609368,0.005793056189171534,-0.014888305506443142
-0.011317671275000106,-0.006757702775759143,0.005715886798521017,-0.0005371425599935182,0.012216051847609368,0.014075160770999243,-0.3161428502963525
0.019009900130145085,-0.054207733754472506,0.005715886798521017,0.022862976729188213,0.012216051847609368,0.0026627812001692765,-0.014888305506443142
-0.011317671275000106,-0.006757702775759143,0.005715886798521017,-0.0005371425599935182,-0.006159006023451272,-0.0007303421683267884,-0.014888305506443142
0.06585739102277816,-0.006757702775759143,0.005715886798521017,-0.0005371425599935182,-0.011791525401173739,0.014075160770999243,-0.014888305506443142
0.012834254019039761,-0.06746093203337354,0.005715886798521017,0.02048780865062413,-0.017551308303755682,0.014075160770999243,-0.35562849830290844
0.005786577552272134,-0.006757702775759143,0.005715886798521017,-0.0005371425599935182,0.012216051847609368,-0.004097880578131315,-0.393754186258758
-0.004079803836771255,-0.08123376465022535,0.005715886798521017,0.01565034895206238,0.012216051847609368,0.014075160770999243,-0.43074660738054404
0.03071141359102933,-0.09433349173539428,0.005715886798521017,-0.0005371425599935182,0.012216051847609368,0.014075160770999243,-0.4664866614885196
-0.011317671275000106,-0.006757702775759143,0.005715886798521017,-0.0005371425599935182,0.012216051847609368,0.014075160770999243,-0.014888305506443142
-0.10518425834900093,-0.006757702775759143,0.005715886798521017,-0.0005371425599935182,0.012216051847609368,0.014075160770999243,-0.5005034182550138
0.018697100685348092,-0.006757702775759143,0.005715886798521017,-0.0005371425599935182,-0.02458941714656699,0.014075160770999243,-0.5332225217624423
-0.011317671275000106,-0.10624858219666221,0.005715886798521017,0.011090389596980135,0.012216051847609368,0.014075160770999243,-0.5640713551018884
-0.011317671275000106,-0.006757702775759143,-0.10299638617274791,-0.0005371425599935182,-0.030266619375072863,0.014075160770999243,-0.5935055649081143
-0.011317671275000106,-0.006757702775759143,0.005715886798521017,0.007049428585626151,-0.03550751196760133,0.014075160770999243,-0.6217574549816999
-0.011317671275000106,-0.006757702775759143,-0.09662189997194759,-0.0005371425599935182,-0.040186300315500474,0.014075160770999243,-0.014888305506443142
-0.011317671275000106,-0.11711675960747923,0.005715886798521017,-0.0005371425599935182,0.012216051847609368,0.014075160770999243,-0.014888305506443142
-0.011317671275000106,-0.12603157031411027,0.005715886798521017,-0.0005371425599935182,0.012216051847609368,0.014075160770999243,-0.014888305506443142
-0.01635829162667657,-0.13458233902913663,0.005715886798521017,-0.0005371425599935182,0.012216051847609368,0.014075160770999243,-0.6483940426911986
0.06315299194593138,-0.1426194171041567,0.005715886798521017,0.002931030012195492,0.012216051847609368,-0.006582061581243078,-0.6736681017901373
-0.013748631414758848,-0.006757702775759143,0.005715886798521017,-0.001241343437053209,-0.0424502611710706,0.014075160770999243,-0.014888305506443142
0.007458993192314739,-0.006757702775759143,0.005715886798521017,-0.0005371425599935182,-0.04382177124083526,-0.007892478841925395,-0.6967811504042832
-0.011317671275000106,-0.006757702775759143,0.005715886798521017,-0.0005371425599935182,-0.04173958167142206,0.014075160770999243,-0.014888305506443142
0.060897339242592066,-0.14854817643371676,-0.08746007846855898,-0.0005371425599935182,0.012216051847609368,0.014075160770999243,-0.7178412198292649
-0.011317671275000106,-0.006757702775759143,0.005715886798521017,-0.0005371425599935182,0.012216051847609368,0.014075160770999243,-0.7356105204244184
0.060424612280811626,-0.006757702775759143,0.005715886798521017,-0.0005371425599935182,0.012216051847609368,0.014075160770999243,-0.7509786030296447
-0.023643626467250767,-0.006757702775759143,-0.07707786418429952,-0.0005371425599935182,0.012216051847609368,-0.008387320396610439,-0.014888305506443142
0.05681094690819315,-0.006757702775759143,-0.06979366686775985,-0.0005371425599935182,0.012216051847609368,0.014075160770999243,-0.014888305506443142
-0.011317671275000106,-0.15347820805946888,0.005715886798521017,-0.003130604546382952,0.012216051847609368,-0.00873868758292012,-0.7669384361602692
-0.03404799892008076,-0.1574892400950766,0.005715886798521017,-0.0005371425599935182,0.012216051847609368,-0.007996797525333551,-0.78110851966185
0.008223205242855082,-0.006757702775759143,0.005715886798521017,-0.0005371425599935182,0.012216051847609368,-0.00583079885687043,-0.014888305506443142
0.0038356746868974407,-0.006757702775759143,0.005715886798521017,-0.0005371425599935182,0.012216051847609368,-0.0037412153150963544,-0.7938451122257718
-0.011317671275000106,-0.16047979128068535,0.005715886798521017,-0.005635464365361918,0.012216051847609368,0.014075160770999243,-0.014888305506443142
0.00036222002610692035,-0.006757702775759143,0.005715886798521017,-0.0005371425599935182,0.012216051847609368,0.014075160770999243,-0.8042372672577799
-0.1415253573511998,-0.006757702775759143,0.005715886798521017,-0.0005371425599935182,0.012216051847609368,0.014075160770999243,-0.8122660309621289
-0.011317671275000106,-0.006757702775759143,0.005715886798521017,-0.008915026172893335,0.012216051847609368,0.014075160770999243,-0.8185608630078932
-0.0026050740215293727,-0.006757702775759143,-0.06243692605712424,-0.0005371425599935182,0.012216051847609368,0.014075160770999243,-0.014888305506443142
-0.011317671275000106,-0.16327722468161177,0.005715886798521017,-0.01444031205258359,-0.03929857303015089,-0.0001469908218569814,-0.8261183029583979
-0.10719378316839681,-0.165244002659385,0.005715886798521017,-0.02023298381709718,0.012216051847609368,0.004049530355207279,-0.8319972664478009
-0.011317671275000106,-0.006757702775759143,-0.0544214824083116,-0.0005371425599935182,0.012216051847609368,0.014075160770999243,-0.014888305506443142
-0.00611218294609398,-0.006757702775759143,0.005715886798521017,-0.0005371425599935182,0.012216051847609368,0.014075160770999243,-0.014888305506443142
-0.011707732937056547,-0.006757702775759143,0.005715886798521017,-0.0005371425599935182,0.012216051847609368,0.014075160770999243,-0.014888305506443142
-0.0122274570175141,-0.006757702775759143,0.005715886798521017,-0.0005371425599935182,-0.03697253792774031,0.014075160770999243,-0.8367111905399235
-0.011317671275000106,-0.006757702775759143,0.005715886798521017,-0.0005371425599935182,0.012216051847609368,0.008068495750734154,-0.8393784424658371
-0.011317671275000106,-0.006757702775759143,0.005715886798521017,-0.0005371425599935182,0.012216051847609368,0.012968188066464274,-0.014888305506443142
0.05334475703162496,-0.006757702775759143,0.005715886798521017,-0.0005371425599935182,0.012216051847609368,0.017998767861759305,-0.8398914536405656
-0.011317671275000106,-0.006757702775759143,0.005715886798521017,-0.0005371425599935182,-0.03307219261987888,0.014075160770999243,-0.014888305506443142
-0.03908551340708895,-0.16652922824420135,0.005715886798521017,-0.025909477255731148,0.012216051847609368,0.014075160770999243,-0.014888305506443142
-0.011317671275000106,-0.006757702775759143,0.005715886798521017,-0.0005371425599935182,0.012216051847609368,0.014075160770999243,-0.841058118273012
-0.011317671275000106,-0.1676571715388543,0.005715886798521017,-0.03148777057933364,0.012216051847609368,0.014075160770999243,-0.8402724950838846
-0.011317671275000106,-0.006757702775759143,-0.047007658901676894,-0.0005371425599935182,-0.028976385583637305,0.02044637817901979,-0.014888305506443142
-0.011317671275000106,-0.006757702775759143,-0.03992823840472641,-0.0005371425599935182,0.012216051847609368,0.02260874723608797,-0.014888305506443142
-0.056542508492700816,-0.16761399216716988,0.005715886798521017,-0.0005371425599935182,0.012216051847609368,0.014075160770999243,-0.8382198307238234
-0.011317671275000106,-0.16655863059445497,0.005715886798521017,-0.035744633340559585,0.012216051847609368,0.014075160770999243,-0.8349927667019433
-0.026813335755889095,-0.16477890614098134,0.005715886798521017,-0.0005371425599935182,0.012216051847609368,0.014075160770999243,-0.014888305506443142
-0.02053551877691663,-0.16311064564077682,0.005715886798521017,-0.039777306227276744,0.012216051847609368,0.014075160770999243,-0.014888305506443142
0.02259536686836558,-0.1582935488743148,-0.03263334861994659,-0.0005371425599935182,0.012216051847609368,0.014075160770999243,-0.014888305506443142
-0.026545755170095525,-0.006757702775759143,0.005715886798521017,-0.0005371425599935182,0.012216051847609368,0.024878911137430407,-0.014888305506443142
-0.011317671275000106,-0.1532655473912764,0.005715886798521017,-0.0005371425599935182,-0.0244601543459741,0.014075160770999243,-0.8298364583406465
-0.02924657121100087,-0.006757702775759143,0.005715886798521017,-0.0005371425599935182,-0.02034284318218966,0.027373527739343154,-0.014888305506443142
-0.04372207567803371,-0.1476993790873612,0.005715886798521017,-0.0005371425599935182,0.012216051847609368,0.014075160770999243,-0.014888305506443142
-0.011317671275000106,-0.1424490387555849,0.005715886798521017,-0.04064885192896809,-0.01610590901358972,0.014075160770999243,-0.8237674713682112
-0.011317671275000106,-0.006757702775759143,0.005715886798521017,-0.0005371425599935182,0.012216051847609368,0.029613666182743973,-0.014888305506443142
-0.011317671275000106,-0.006757702775759143,0.005715886798521017,-0.04064338641863944,0.012216051847609368,0.014075160770999243,-0.8167839465789591
-0.05365109338952162,-0.006757702775759143,0.005715886798521017,-0.0005371425599935182,0.012216051847609368,0.014075160770999243,-0.014888305506443142
-0.011317671275000106,-0.006757702775759143,0.005715886798521017,-0.0005371425599935182,0.012216051847609368,0.014075160770999243,-0.014888305506443142
-0.011317671275000106,-0.13656922538560357,0.005715886798521017,-0.0005371425599935182,-0.011477956462392311,0.03192714919268269,-0.014888305506443142
0.0020120159963766,-0.1307760039946334,0.005715886798521017,-0.0005371425599935182,0.012216051847609368,0.014075160770999243,-0.8083925054277409
-0.06344697349685208,-0.12368000734893668,0.005715886798521017,-0.03977378765442067,0.012216051847609368,0.014075160770999243,-0.7990660919320963
0.04689307224939854,-0.006757702775759143,-0.02504159667447929,-0.0005371425599935182,0.012216051847609368,0.014075160770999243,-0.7891576135085722
-0.011317671275000106,-0.006757702775759143,0.005715886798521017,-0.0005371425599935182,0.012216051847609368,0.014075160770999243,-0.014888305506443142
-0.029006226941501734,-0.11645353655091105,0.005715886798521017,-0.03924483513080116,0.012216051847609368,0.014075160770999243,-0.778168513235541
-0.011317671275000106,-0.006757702775759143,0.005715886798521017,-0.0005371425599935182,0.012216051847609368,0.034062504924535664,-0.014888305506443142
-0.011317671275000106,-0.10900507585243778,0.005715886798521017,-0.03773599437242251,-0.009084005123022496,0.014075160770999243,-0.014888305506443142
-0.011317671275000106,-0.006757702775759143,-0.016913771251408735,-0.0005371425599935182,0.012216051847609368,0.036316537079969846,-0.014888305506443142
-0.0285832952590344,-0.10206339964463439,0.005715886798521017,-0.03594608675609571,0.012216051847609368,0.014075160770999243,-0.7667223310432875
-0.12192175522671715,-0.09754671315649098,0.005715886798521017,-0.0005371425599935182,0.012216051847609368,0.03835184929515706,-0.7569475483874929
-0.011317671275000106,-0.006757702775759143,0.005715886798521017,-0.036503398026966706,0.012216051847609368,0.014075160770999243,-0.014888305506443142
-0.011317671275000106,-0.09263879587809042,0.005715886798521017,-0.03812251864346964,-0.00721639497447186,0.014075160770999243,-0.7471390557493728
0.04147494162995953,-0.08768473728055502,-0.010480209161950235,-0.0005371425599935182,0.012216051847609368,0.014075160770999243,-0.7355775291243657
-0.030943671880363434,-0.006757702775759143,0.005715886798521017,-0.0005371425599935182,0.012216051847609368,0.040455922764739194,-0.7233605866126077
-0.011317671275000106,-0.006757702775759143,-0.0034180643571602295,-0.0005371425599935182,-0.004960241582224476,0.04242507059872275,-0.014888305506443142
0.036637712961898015,-0.08261342257017588,0.005715886798521017,-0.03933027908168566,0.012216051847609368,0.014075160770999243,-0.7103057381079222
-0.07100282777908379,-0.006757702775759143,0.005715886798521017,-0.04005047092507489,-0.0028139680447444946,0.014075160770999243,-0.014888305506443142
-0.011317671275000106,-0.006757702775759143,0.005715886798521017,-0.0005371425599935182,0.012216051847609368,0.014075160770999243,-0.014888305506443142
-0.07871704854381562,-0.006757702775759143,0.005715886798521017,-0.04098334322599154,0.012216051847609368,0.014075160770999243,-0.014888305506443142
-0.03250271109823326,-0.07752406795710952,0.005715886798521017,-0.038560529185326854,0.012216051847609368,0.04448673416698867,-0.014888305506443142
-0.10904093028365978,-0.07292246996489858,0.005715886798521017,-0.03616488439375191,0.012216051847609368,0.014075160770999243,-0.6970563331346068
-0.011317671275000106,-0.06870798492522422,0.005715886798521017,-0.034076741320728056,0.012216051847609368,0.014075160770999243,-0.684337984001245
-0.08250076495635233,-0.006757702775759143,0.005715886798521017,-0.0005371425599935182,0.012216051847609368,0.04601706516675691,-0.014888305506443142
-0.0853406684728602,-0.006757702775759143,0.00421209607879862,-0.0005371425599935182,-0.0011125263704800468,0.04703596920986741,-0.014888305506443142
-0.011317671275000106,-0.06429434239195585,0.005715886798521017,-0.0005371425599935182,0.012216051847609368,0.014075160770999243,-0.014888305506443142
-0.05524125280226588,-0.06013304213917779,0.005715886798521017,-0.0005371425599935182,0.012216051847609368,0.014075160770999243,-0.67161818435902
-0.08797671551598368,-0.006757702775759143,0.011699913058279596,-0.0005371425599935182,0.000906242745686783,0.0475685737211996,-0.014888305506443142
-0.011317671275000106,-0.006757702775759143,0.005715886798521017,-0.032373163890363967,0.0030824145757329304,0.014075160770999243,-0.657343438985598
-0.08984230343313199,-0.006757702775759143,0.005715886798521017,-0.0005371425599935182,0.012216051847609368,0.014075160770999243,-0.014888305506443142
-0.08866583269194167,-0.006757702775759143,0.005715886798521017,-0.0005371425599935182,0.012216051847609368,0.04735075153384288,-0.6423425409775277
-0.11270526173068088,-0.056057087690930416,0.005715886798521017,-0.0005371425599935182,0.012216051847609368,0.014075160770999243,-0.6273253980872039
-0.10919603502058756,-0.05197503711167638,0.005715886798521017,-0.030743731949274742,0.012216051847609368,0.014075160770999243,-0.6129113924525144
0.03218503121508637,-0.04857235468914066,0.005715886798521017,-0.029121176037862937,0.012216051847609368,0.04729327971906111,-0.014888305506443142
0.0035856628126803274,-0.04594996712019693,0.005715886798521017,-0.0005371425599935182,0.012216051847609368,0.014075160770999243,-0.5993483400697802
-0.03424331057925429,-0.04352947271329187,0.005715886798521017,-0.0005371425599935182,0.012216051847609368,0.014075160770999243,-0.5845881740404754
-0.03594246534507408,-0.006757702775759143,0.016351645786840466,-0.0005371425599935182,0.012216051847609368,0.014075160770999243,-0.5706275892415648
-0.052317939163475546,-0.006757702775759143,0.005715886798521017,-0.0005371425599935182,0.012216051847609368,0.014075160770999243,-0.5569249745807267
0.0035856628126803274,-0.04109235731696691,0.02094759948952883,-0.0005371425599935182,0.012216051847609368,0.014075160770999243,-0.014888305506443142
-0.011317671275000106,-0.006757702775759143,0.025381506789237465,-0.0005371425599935182,0.005003757693921076,0.04697692776194923,-0.5436754310098263
0.0030310611006603722,-0.04093086840343739,0.005715886798521017,-0.0005371425599935182,0.012216051847609368,0.014075160770999243,-0.5323211830770401
-0.016649580934301966,-0.04053975136343345,0.005715886798521017,-0.0005371425599935182,0.012216051847609368,0.014075160770999243,-0.521249907642061
0.027842074772109045,-0.006757702775759143,0.005715886798521017,-0.0005371425599935182,0.012216051847609368,0.04482523537702804,-0.014888305506443142
0.0060150043370814175,-0.04046021517908903,0.005715886798521017,-0.0005371425599935182,0.012216051847609368,0.014075160770999243,-0.5106431471277756
-0.03735289522174045,-0.04014908927126447,0.005715886798521017,-0.0005371425599935182,0.012216051847609368,0.014075160770999243,-0.5009003935446693
-0.011317671275000106,-0.04017797855315784,0.005715886798521017,-0.027566057003615283,0.012216051847609368,0.041570243490256675,-0.49187380077472553
-0.011317671275000106,-0.006757702775759143,0.005715886798521017,-0.0005371425599935182,0.012216051847609368,0.014075160770999243,-0.014888305506443142
-0.01963848035918131,-0.006757702775759143,0.02829778679786897,-0.0005371425599935182,0.012216051847609368,0.014075160770999243,-0.4833753706802185
-0.03926446307295367,-0.0402096469520966,0.005715886798521017,-0.0005371425599935182,0.012216051847609368,0.014075160770999243,-0.47581425276486555
-0.10964189488388393,-0.006757702775759143,0.03187334314919309,-0.0005371425599935182,0.012216051847609368,0.014075160770999243,-0.4691681894959093
0.023852897142863615,-0.006757702775759143,0.005715886798521017,-0.0005371425599935182,0.012216051847609368,0.014075160770999243,-0.4633245614505491
-0.11149054249295914,-0.006757702775759143,0.03410483265510118,-0.0005371425599935182,0.012216051847609368,0.014075160770999243,-0.014888305506443142
-0.011317671275000106,-0.04148466038238473,0.005715886798521017,-0.0005371425599935182,0.0054630795584099025,0.037637457165879906,-0.014888305506443142
-0.011317671275000106,-0.006757702775759143,0.03620941333804405,-0.0005371425599935182,0.012216051847609368,0.03348013063985039,-0.014888305506443142
-0.011317671275000106,-0.0430808464543254,0.005715886798521017,-0.02547024201623641,0.005651317185592133,0.014075160770999243,-0.4578736878307844
-0.017641260332904474,-0.045108479884040306,0.03827396579898627,-0.0005371425599935182,0.012216051847609368,0.014075160770999243,-0.45346801113707336
-0.011317671275000106,-0.006757702775759143,0.005715886798521017,-0.0005371425599935182,0.012216051847609368,0.02937565446715457,-0.014888305506443142
-0.011317671275000106,-0.006757702775759143,0.005715886798521017,-0.022220810122942667,0.012216051847609368,0.014075160770999243,-0.014888305506443142
-0.0381352752475234,-0.006757702775759143,0.0414045713201545,-0.0005371425599935182,0.006066934700996554,0.02599178721361434,-0.014888305506443142
-0.04630453730031964,-0.006757702775759143,0.005715886798521017,-0.0005371425599935182,0.012216051847609368,0.022440700663421357,-0.014888305506443142
-0.08623505029558326,-0.04697766680614533,0.005715886798521017,-0.019045148072861093,0.012216051847609368,0.014075160770999243,-0.014888305506443142
-0.027431291780305178,-0.04804729878346713,0.005715886798521017,-0.0005371425599935182,0.012216051847609368,0.014075160770999243,-0.45005782457935595
-0.08386919080605232,-0.006757702775759143,0.005715886798521017,-0.0005371425599935182,0.012216051847609368,0.014075160770999243,-0.014888305506443142
-0.011317671275000106,-0.0493445476255706,0.005715886798521017,-0.01621615196340934,0.012216051847609368,0.014075160770999243,-0.447861006723122
-0.011317671275000106,-0.05114727373946103,0.005715886798521017,-0.0005371425599935182,0.012216051847609368,0.021364779190369835,-0.014888305506443142
0.000661092957959521,-0.05308083867098677,0.044580805656245906,-0.0005371425599935182,0.012216051847609368,0.020346192269397826,-0.44676851478985824
0.020047068930993936,-0.05501034559490879,0.005715886798521017,-0.013247748748332486,0.012216051847609368,0.014075160770999243,-0.4452875765363772
-0.011317671275000106,-0.006757702775759143,0.005715886798521017,-0.0005371425599935182,0.012216051847609368,0.014075160770999243,-0.014888305506443142
-0.0795429253994478,-0.05686738808544588,0.04746690536621327,-0.0005371425599935182,0.012216051847609368,0.014075160770999243,-0.44477996814290754
0.016091183454850437,-0.006757702775759143,0.005715886798521017,-0.0005371425599935182,0.012216051847609368,0.019134563281754228,-0.44527700265950976
0.010608010066742857,-0.006757702775759143,0.005715886798521017,-0.0005371425599935182,0.012216051847609368,0.014075160770999243,-0.4478625330046285
0.005143904760180567,-0.05907942093980699,0.005715886798521017,-0.01044823063627157,0.012216051847609368,0.014075160770999243,-0.014888305506443142
-0.011317671275000106,-0.006757702775759143,0.005715886798521017,-0.0005371425599935182,0.012216051847609368,0.014075160770999243,-0.014888305506443142
-0.03856601964226716,-0.06169179764973119,0.005715886798521017,-0.0005371425599935182,0.012216051847609368,0.014075160770999243,-0.4513158826612046
-0.0006482012695934354,-0.06443833789637875,0.005715886798521017,-0.006038676746599557,0.006101391619047594,0.014075160770999243,-0.4542991243959581
-0.07485724316975412,-0.0674058879048388,0.005715886798521017,-0.0028718491270317875,0.012216051847609368,0.014075160770999243,-0.014888305506443142
-0.03918134779103624,-0.006757702775759143,0.005715886798521017,-0.0005371425599935182,0.012216051847609368,0.016657725131624227,-0.014888305506443142
-0.011317671275000106,-0.07072374660905499,0.005715886798521017,0.00027251935305724494,0.005839916958497551,0.014075160770999243,-0.014888305506443142
-0.011317671275000106,-0.006757702775759143,0.005715886798521017,-0.0005371425599935182,0.012216051847609368,0.014224813705808196,-0.014888305506443142
-0.07061020312468286,-0.07413927499506189,0.005715886798521017,0.0024864840249639547,0.012216051847609368,0.014075160770999243,-0.014888305506443142
-0.06552106438184718,-0.006757702775759143,0.005715886798521017,0.0055490297199895745,0.012216051847609368,0.011833367662350162,-0.4580415300793569
-0.1134957078553886,-0.006757702775759143,0.04882860061330836,-0.0005371425599935182,0.012216051847609368,0.014075160770999243,-0.014888305506443142
-0.006266045690007747,-0.006757702775759143,0.049701486003979625,-0.0005371425599935182,0.0035264741102450283,0.014075160770999243,-0.46272604716420573
-0.06054007284842672,-0.006757702775759143,0.005715886798521017,-0.0005371425599935182,0.012216051847609368,0.009203533972582282,-0.4678642629516617
-0.022580546038050875,-0.006757702775759143,0.005715886798521017,-0.0005371425599935182,0.012216051847609368,0.014075160770999243,-0.4739544996678554
-0.011317671275000106,-0.006757702775759143,0.005715886798521017,0.008277437825804115,0.012216051847609368,0.006446606693987115,-0.014888305506443142
-0.040930579367701295,-0.07532828936857593,0.050613597785755374,-0.0005371425599935182,0.00019862829926635926,0.014075160770999243,-0.4807769283144453
-0.011317671275000106,-0.006757702775759143,0.005715886798521017,-0.0005371425599935182,0.012216051847609368,0.0037594946198252245,-0.014888305506443142
-0.011317671275000106,-0.07658951188607853,0.005715886798521017,0.0112893560769208,0.012216051847609368,0.014075160770999243,-0.014888305506443142
0.000600498477703975,-0.07778174497726319,0.005715886798521017,-0.0005371425599935182,0.012216051847609368,-0.0005649174463452887,-0.014888305506443142
-0.05596371617011758,-0.07778760684500906,0.005715886798521017,-0.0005371425599935182,0.012216051847609368,-0.0037964775756663093,-0.486346024736357
-0.011626077160272441,-0.07830464941861358,0.005715886798521017,-0.0005371425599935182,0.012216051847609368,0.014075160770999243,-0.49270926701583917
-0.10992695137983238,-0.07874505687554999,0.05113938121745666,-0.0005371425599935182,0.012216051847609368,0.014075160770999243,-0.014888305506443142
-0.05142488186816191,-0.006757702775759143,0.005715886798521017,-0.0005371425599935182,0.012216051847609368,0.014075160770999243,-0.014888305506443142
-0.025602558568566802,-0.006757702775759143,0.049403581038498665,-0.0005371425599935182,0.012216051847609368,0.014075160770999243,-0.5000790931895417
-0.032893319455333664,-0.07957739599011925,0.005715886798521017,-0.0005371425599935182,0.012216051847609368,0.014075160770999243,-0.5079336382668992
-0.02854354187260727,-0.08033768128625272,0.005715886798521017,-0.0005371425599935182,0.012216051847609368,0.014075160770999243,-0.5166780049806484
-0.042319139662077274,-0.006757702775759143,0.047882152377175816,-0.0005371425599935182,0.012216051847609368,0.014075160770999243,-0.014888305506443142
-0.011317671275000106,-0.006757702775759143,0.005715886798521017,-0.0005371425599935182,0.012216051847609368,0.014075160770999243,-0.526090686625447
-0.11042186113451263,-0.08128549331849154,0.005715886798521017,0.015576616924610844,0.012216051847609368,0.014075160770999243,-0.014888305506443142
0.010897087449482345,-0.08066847281920296,0.04637028911574888,-0.0005371425599935182,0.012216051847609368,0.014075160770999243,-0.5345329422722224
-0.027275280514040018,-0.07991398689400007,0.005715886798521017,-0.0005371425599935182,0.012216051847609368,0.014075160770999243,-0.5432536209369506
-0.11395560979068792,-0.07921572519995333,0.005715886798521017,0.02117643341968908,-0.0034065100468735985,0.014075160770999243,-0.5517558486823056
-0.04356018720027914,-0.006757702775759143,0.044927872917654085,-0.0005371425599935182,0.012216051847609368,-0.009164929292896747,-0.5610512120473626
0.00432752212028756,-0.07887913740186413,0.043928847400802815,-0.0005371425599935182,0.012216051847609368,-0.0142050774178013,-0.5704561625613892
-0.04634140791977176,-0.07800445214822847,0.005715886798521017,0.02637902443751491,0.012216051847609368,-0.019106353110166948,-0.014888305506443142
-0.04292810162435229,-0.006757702775759143,0.005715886798521017,-0.0005371425599935182,0.012216051847609368,-0.02410895382034056,-0.5799063285962419
-0.039375763684477316,-0.07746191988284355,0.005715886798521017,0.03122567126284456,0.012216051847609368,0.014075160770999243,-0.5895422580820114
-0.011317671275000106,-0.006757702775759143,0.042684311681438755,-0.0005371425599935182,0.012216051847609368,0.014075160770999243,-0.014888305506443142
-0.014194047307351852,-0.006757702775759143,0.005715886798521017,-0.0005371425599935182,0.012216051847609368,0.014075160770999243,-0.599523044146223
-0.017437055717635763,-0.006757702775759143,0.041494413318627035,-0.0005371425599935182,0.012216051847609368,0.014075160770999243,-0.014888305506443142
-0.11564224619540481,-0.07683086976588603,0.005715886798521017,-0.0005371425599935182,0.012216051847609368,0.014075160770999243,-0.014888305506443142
-0.011317671275000106,-0.006757702775759143,0.039834598656864714,-0.0005371425599935182,0.012216051847609368,0.014075160770999243,-0.014888305506443142
-0.03561194549514607,-0.006757702775759143,0.0362898366550186,-0.0005371425599935182,0.012216051847609368,0.014075160770999243,-0.014888305506443142
-0.12256133295740529,-0.07685968905497496,0.005715886798521017,0.03653479366781461,-0.007584246357830568,0.014075160770999243,-0.014888305506443142
-0.04326347971472308,-0.07749710575291356,0.005715886798521017,0.040068426492383034,0.012216051847609368,-0.028756601618557417,-0.014888305506443142
-0.031596013679324575,-0.006757702775759143,0.005715886798521017,-0.0005371425599935182,0.012216051847609368,0.014075160770999243,-0.6118200169340032
-0.011317671275000106,-0.006757702775759143,0.005715886798521017,-0.0005371425599935182,-0.01194996049589587,-0.03376479344043182,-0.014888305506443142
-0.011317671275000106,-0.006757702775759143,0.005715886798521017,-0.0005371425599935182,0.012216051847609368,-0.03864111967083034,-0.014888305506443142
-0.011317671275000106,-0.006757702775759143,0.03134660085242434,-0.0005371425599935182,0.012216051847609368,-0.04267291975930826,-0.014888305506443142
-0.11827255145990584,-0.006757702775759143,0.005715886798521017,-0.0005371425599935182,0.012216051847609368,0.014075160770999243,-0.6241714493945584
-0.011317671275000106,-0.006757702775759143,0.02883092267945149,-0.0005371425599935182,-0.016568714411492498,-0.044245510998352,-0.014888305506443142
-0.011317671275000106,-0.07818973255039584,0.005715886798521017,-0.0005371425599935182,0.012216051847609368,0.014075160770999243,-0.6369148263167482
-0.026966518225530367,-0.006757702775759143,0.005715886798521017,-0.0005371425599935182,0.012216051847609368,-0.04572731676815328,-0.014888305506443142
0.01820851208628437,-0.07833127744400313,0.026414055038659887,-0.0005371425599935182,0.012216051847609368,0.014075160770999243,-0.6491542341928306
-0.042629330598188825,-0.0778283681735069,0.005715886798521017,-0.0005371425599935182,0.012216051847609368,0.014075160770999243,-0.014888305506443142
-0.02265219660448664,-0.006757702775759143,0.024201188240536506,-0.0005371425599935182,0.012216051847609368,-0.04544308446305301,-0.014888305506443142
-0.018177620871994316,-0.006757702775759143,0.005715886798521017,-0.0005371425599935182,0.012216051847609368,0.014075160770999243,-0.014888305506443142
-0.12087411175610435,-0.006757702775759143,0.022679929553946196,-0.0005371425599935182,0.012216051847609368,-0.044833048103289086,-0.6613953976191053
0.005802190523363159,-0.07762604957847895,0.019876477669283063,-0.0005371425599935182,0.012216051847609368,0.014075160770999243,-0.014888305506443142
-0.011317671275000106,-0.006757702775759143,0.005715886798521017,-0.0005371425599935182,-0.02171014425347923,-0.046900005330905103,-0.676415127258898
-0.011317671275000106,-0.006757702775759143,0.01787121034302873,-0.0005371425599935182,-0.02671892501844892,-0.048947990218465465,-0.014888305506443142
-0.04201492512058344,-0.006757702775759143,0.005715886798521017,-0.0005371425599935182,0.012216051847609368,-0.051606894586105845,-0.014888305506443142
-0.0413281563035898,-0.006757702775759143,0.005715886798521017,-0.0005371425599935182,0.012216051847609368,-0.05420869787888538,-0.6915828722758403
-0.1415253573512038,-0.006757702775759143,0.005715886798521017,-0.0005371425599935182,-0.03173491499389675,0.014075160770999243,-0.7067806037418717
-0.011317671275000106,-0.006757702775759143,0.005715886798521017,-0.0005371425599935182,0.012216051847609368,-0.05640387419054843,-0.014888305506443142
-0.033886473160399416,-0.07758439657080128,0.015863104687426785,-0.0005371425599935182,0.012216051847609368,0.014075160770999243,-0.7224972538139472
-0.031690637080708794,-0.07751272799653629,0.005715886798521017,-0.0005371425599935182,0.012216051847609368,0.014075160770999243,-0.7380618522327492
-0.011317671275000106,-0.006757702775759143,0.005715886798521017,0.043404810717494545,0.012216051847609368,0.014075160770999243,-0.014888305506443142
-0.013611407392703221,-0.0774252455176717,0.013926064341043584,-0.0005371425599935182,0.012216051847609368,0.014075160770999243,-0.751821354533658
-0.125777101541718,-0.08004673920656634,0.01079130770572391,-0.0005371425599935182,0.012216051847609368,-0.05781788804514232,-0.7685386552851562
-0.011317671275000106,-0.006757702775759143,0.005715886798521017,0.0455003086108637,0.012216051847609368,0.014075160770999243,-0.7858971835025209
-0.1312363831453714,-0.006757702775759143,0.005715886798521017,-0.0005371425599935182,0.012216051847609368,0.014075160770999243,-0.014888305506443142
-0.011317671275000106,-0.006757702775759143,0.005715886798521017,0.04778163984824787,0.012216051847609368,0.014075160770999243,-0.014888305506443142
-0.011317671275000106,-0.08316559650676934,0.005715886798521017,0.049954887197286656,0.012216051847609368,-0.05924871906584561,-0.014888305506443142
-0.1418131797441527,-0.006757702775759143,0.005715886798521017,-0.0005371425599935182,0.012216051847609368,0.014075160770999243,-0.014888305506443142
-0.012181780024167864,-0.006757702775759143,0.005715886798521017,-0.0005371425599935182,0.012216051847609368,-0.06072702551410164,-0.8031490765832964
-0.011317671275000106,-0.006757702775759143,0.005715886798521017,-0.0005371425599935182,0.012216051847609368,0.014075160770999243,-0.8202811182575606
-0.1425346407942401,-0.006757702775759143,0.005715886798521017,-0.0005371425599935182,0.012216051847609368,0.014075160770999243,-0.8368358287230792
-0.0103509075265637,-0.006757702775759143,0.005715886798521017,-0.0005371425599935182,0.012216051847609368,0.014075160770999243,-0.8534260410731286
-0.011317671275000106,-0.006757702775759143,0.005715886798521017,0.05205746892500148,0.012216051847609368,0.014075160770999243,-0.014888305506443142
-0.013322001280419658,-0.006757702775759143,0.005715886798521017,-0.0005371425599935182,0.012216051847609368,0.014075160770999243,-0.014888305506443142
-0.011317671275000106,-0.006757702775759143,0.005715886798521017,-0.0005371425599935182,0.012216051847609368,0.014075160770999243,-0.014888305506443142
-0.011317671275000106,-0.08693876216564199,0.005715886798521017,-0.0005371425599935182,0.012216051847609368,0.014075160770999243,-0.8731577806472942
0.008219961115468273,-0.09332169550919321,0.005715886798521017,-0.0005371425599935182,0.012216051847609368,0.014075160770999243,-0.8928176395427475
-0.039615585018767746,-0.09961224475170859,0.005715886798521017,0.05410421438439358,0.012216051847609368,-0.06151199746082325,-0.014888305506443142
-0.01649224067851024,-0.006757702775759143,0.007514772252725497,-0.0005371425599935182,0.012216051847609368,-0.06290752997401988,-0.014888305506443142
-0.03473778084204465,-0.10657557716989739,0.005715886798521017,-0.0005371425599935182,0.012216051847609368,0.014075160770999243,-0.9121716711433664
-0.04035425025420847,-0.11365422818616709,0.004196113272444389,-0.0005371425599935182,0.012216051847609368,0.014075160770999243,-0.014888305506443142
-0.020213920616636794,-0.006757702775759143,0.005715886798521017,-0.0005371425599935182,0.012216051847609368,-0.06456227591637548,-0.014888305506443142
-0.039587759719050264,-0.006757702775759143,0.005715886798521017,0.055846197694941556,0.012216051847609368,0.014075160770999243,-0.014888305506443142
-0.026632839272170472,-0.1232065269314545,0.005715886798521017,-0.0005371425599935182,0.012216051847609368,0.014075160770999243,-0.9313818518767673
-0.14302952460443025,-0.13289761202049177,0.0008921145108742737,-0.0005371425599935182,0.012216051847609368,0.014075160770999243,-0.95082563181134
-0.02076218893555032,-0.14361979088141685,0.005715886798521017,-0.0005371425599935182,0.012216051847609368,0.014075160770999243,-0.9708050586323943
-0.011317671275000106,-0.006757702775759143,-0.0024242478818137644,-0.0005371425599935182,-0.03687913539306748,0.014075160770999243,-0.014888305506443142
-0.027697976953554776,-0.006757702775759143,0.005715886798521017,-0.0005371425599935182,0.012216051847609368,0.014075160770999243,-0.9906533492635913
-0.03180347035409942,-0.15429581812265203,0.005715886798521017,0.057631693661459225,0.012216051847609368,0.014075160770999243,-1.0102310296579844
-0.018654752691886434,-0.006757702775759143,-0.00577164951582891,-0.0005371425599935182,0.012216051847609368,-0.06290830843201367,-0.014888305506443142
-0.03707621635650221,-0.1646806986571917,0.005715886798521017,0.0593746513547467,0.012216051847609368,0.014075160770999243,-1.0287443069103543
-0.04164765156580724,-0.006757702775759143,-0.00577164951582891,-0.0005371425599935182,0.012216051847609368,-0.06225611698024991,-0.014888305506443142
-0.011317671275000106,-0.006757702775759143,0.005715886798521017,-0.0005371425599935182,0.012216051847609368,0.014075160770999243,-1.047063795206676
-0.018325262410624932,-0.1748400531270352,0.005715886798521017,-0.0005371425599935182,0.012216051847609368,0.014075160770999243,-0.014888305506443142
-0.0054306683253472435,-0.18569417684983802,0.005715886798521017,-0.0005371425599935182,0.012216051847609368,0.014075160770999243,-1.064644204912678
-0.011317671275000106,-0.006757702775759143,0.005715886798521017,-0.0005371425599935182,-0.04202895372474242,-0.05806558068131629,-1.081953181436697
-0.018420735654396225,-0.19628297281157792,0.005715886798521017,0.06123131294870284,0.012216051847609368,0.014075160770999243,-1.0989921748024043
-0.03888693260954526,-0.006757702775759143,0.005715886798521017,-0.0005371425599935182,0.012216051847609368,0.014075160770999243,-0.014888305506443142
-0.037854842224315954,-0.006757702775759143,0.005715886798521017,-0.0005371425599935182,0.012216051847609368,0.014075160770999243,-0.014888305506443142
-0.041162336228252216,-0.006757702775759143,0.005715886798521017,-0.0005371425599935182,0.012216051847609368,-0.05337110981284554,-1.1141588128863826
-0.01784280704888022,-0.006757702775759143,0.005715886798521017,-0.0005371425599935182,0.012216051847609368,-0.04816308258481955,-0.014888305506443142
-0.1439101252064881,-0.006757702775759143,0.005715886798521017,-0.0005371425599935182,-0.04714612365578192,0.014075160770999243,-0.014888305506443142
-0.011317671275000106,-0.006757702775759143,0.005715886798521017,-0.0005371425599935182,0.012216051847609368,-0.04283852866360016,-0.014888305506443142
-0.0005297018418122332,-0.20683266067424533,0.005715886798521017,-0.0005371425599935182,0.012216051847609368,0.014075160770999243,-1.1285042320033944
-0.011317671275000106,-0.006757702775759143,0.005715886798521017,-0.0005371425599935182,-0.050249546895563664,-0.0376258633366926,-1.1422193317897749
-0.03856096684578858,-0.006757702775759143,-0.00577164951582891,-0.0005371425599935182,-0.05290515272553837,-0.03210639712136654,-0.014888305506443142
-0.044464270463612454,-0.006757702775759143,-0.00577164951582891,-0.0005371425599935182,0.012216051847609368,0.014075160770999243,-0.014888305506443142
-0.011317671275000106,-0.006757702775759143,-0.00577164951582891,-0.0005371425599935182,0.012216051847609368,-0.026714428544624132,-0.014888305506443142
-0.011317671275000106,-0.006757702775759143,-0.00577164951582891,-0.0005371425599935182,-0.05578008031605081,-0.021340840025984683,-0.014888305506443142
-0.048079155453351896,-0.21688827558335022,0.005715886798521017,-0.0005371425599935182,0.012216051847609368,0.014075160770999243,-1.1549124969345514
-0.011317671275000106,-0.006757702775759143,0.005715886798521017,0.06313934298092025,-0.05876077310538736,-0.017291770663682423,-0.014888305506443142
-0.018351201808054274,-0.006757702775759143,0.005715886798521017,0.0649546799028172,0.012216051847609368,-0.013245310275834473,-1.1669338772696827
-0.011317671275000106,-0.22657721125497232,0.005715886798521017,-0.0005371425599935182,0.012216051847609368,-0.010923558230175653,-0.014888305506443142
-0.020502448855693522,-0.006757702775759143,0.005715886798521017,-0.0005371425599935182,0.012216051847609368,0.014075160770999243,-0.014888305506443142
-0.011317671275000106,-0.006757702775759143,0.005715886798521017,-0.0005371425599935182,0.012216051847609368,-0.00896495863986357,-1.1801740841987038
-0.011317671275000106,-0.23643160306494015,0.005715886798521017,0.06492915870350588,-0.06153104228170809,0.014075160770999243,-0.014888305506443142
-0.011317671275000106,-0.006757702775759143,0.005715886798521017,-0.0005371425599935182,0.012216051847609368,-0.005511939160804943,-1.1911712437447946
-0.011317671275000106,-0.24665903857305593,0.005715886798521017,0.06455382311135247,-0.06153104228170809,0.014075160770999243,-0.014888305506443142
-0.022806243746855137,-0.006757702775759143,0.005715886798521017,0.06455382311135247,0.012216051847609368,0.014075160770999243,-1.2010276666696071
-0.04415350243311689,-0.2572208410514837,0.005715886798521017,-0.0005371425599935182,0.012216051847609368,-0.001906317583705127,-1.2101009934910045
-0.04733570098284001,-0.2674400204135402,0.005715886798521017,-0.0005371425599935182,0.012216051847609368,0.001659489574133536,-1.2187534852966102
-0.011317671275000106,-0.006757702775759143,0.005715886798521017,-0.0005371425599935182,0.012216051847609368,0.014075160770999243,-0.014888305506443142
-0.01682327405198472,-0.277396322105551,0.005715886798521017,0.06455382311135247,0.012216051847609368,0.014075160770999243,-1.2271175078389571
-0.0245981976113826,-0.006757702775759143,0.005715886798521017,-0.0005371425599935182,-0.06153104228170809,0.014075160770999243,-1.2347899783664882
-0.0269067308281134,-0.28704556091678,0.005715886798521017,-0.0005371425599935182,0.012216051847609368,0.001659489574133536,-1.2401873345545826
-0.13458176828962337,-0.29647694180609896,0.005715886798521017,-0.0005371425599935182,0.012216051847609368,0.014075160770999243,-0.014888305506443142
-0.011317671275000106,-0.006757702775759143,-0.00577164951582891,-0.0005371425599935182,-0.06153104228170809,0.001659489574133536,-0.014888305506443142
-0.03833078746564786,-0.006757702775759143,0.005715886798521017,-0.0005371425599935182,0.012216051847609368,0.001659489574133536,-0.014888305506443142
-0.05223984648143659,-0.30493591255370844,0.005715886798521017,-0.0005371425599935182,0.012216051847609368,0.001659489574133536,-1.245096023584544
-0.011317671275000106,-0.006757702775759143,0.005715886798521017,-0.0005371425599935182,0.012216051847609368,0.014075160770999243,-0.014888305506443142
-0.053459193914032005,-0.3129230310287915,0.005715886798521017,0.06455382311135247,0.012216051847609368,0.014075160770999243,-1.249605254008651
-0.13739711172055152,-0.3203112867867034,0.005715886798521017,-0.0005371425599935182,0.012216051847609368,0.014075160770999243,-0.014888305506443142
-0.05529143402877252,-0.006757702775759143,-0.00577164951582891,-0.0005371425599935182,0.012216051847609368,0.001659489574133536,-0.014888305506443142
-0.03810299845575699,-0.006757702775759143,0.005715886798521017,-0.0005371425599935182,0.012216051847609368,0.001659489574133536,-0.014888305506443142
-0.03462497899574152,-0.18031221501863948,0.005715886798521017,-0.0005371425599935182,0.012216051847609368,0.014075160770999243,-1.2535168585301342
-0.04105165053425128,-0.1878580633770256,-0.00577164951582891,-0.0005371425599935182,0.012216051847609368,0.001659489574133536,-1.2566839167099981
-0.051141552517199776,-0.32559656753782507,0.005715886798521017,0.06455382311135247,-0.06153104228170809,0.014075160770999243,-0.014888305506443142
-0.057290241426671266,-0.3306251692893246,0.005715886798521017,0.06455382311135247,-0.06153104228170809,0.001659489574133536,-1.2566839167099981
-0.03939871200231898,-0.33506839390553356,0.005715886798521017,0.06455382311135247,-0.06153104228170809,0.014075160770999243,-0.014888305506443142
-0.0294146152779457,-0.1960898979498104,0.005715886798521017,-0.0005371425599935182,0.012216051847609368,0.001659489574133536,-1.2566839167099981
-0.05947941143389371,-0.2051057167676224,0.005715886798521017,-0.0005371425599935182,0.012216051847609368,0.001659489574133536,-1.2566839167099981
-0.004663427553880339,-0.33913678394685787,-0.00577164951582891,-0.0005371425599935182,0.012216051847609368,0.014075160770999243,-0.1726450444156677
-0.14064708005968446,-0.33913678394685787,0.005715886798521017,0.06455382311135247,0.012216051847609368,0.014075160770999243,-1.2566839167099981
-0.05328514795563789,-0.33913678394685787,0.005715886798521017,-0.0005371425599935182,0.012216051847609368,0.014075160770999243,-0.17950403306389484
-0.05653228930815862,-0.33913678394685787,0.005715886798521017,-0.0005371425599935182,-0.04995306954628886,0.001659489574133536,-0.18698656613468806
-0.031658826518216165,-0.33913678394685787,0.005715886798521017,-0.04873262567774102,-0.052656074824284436,0.014075160770999243,-0.19518172140269968
-0.05583056176255567,-0.33913678394685787,0.005715886798521017,0.06455382311135247,-0.05560480785482507,0.014075160770999243,-0.2041963921975125
-0.0618874984418384,-0.21502311746721559,0.018392538548443547,-0.05082808146546918,-0.05883437260256003,0.014075160770999243,-1.2566839167099981
-0.0037257618241216903,-0.33913678394685787,0.01894369732017931,-0.053114033233899884,-0.062386893825068505,0.014075160770999243,-1.2566839167099981
-0.06454906829272461,-0.22598445508255535,0.019544961434800143,-0.0556176946945621,-0.06153104228170809,-0.03369903739656305,-0.21415997570756867
-0.06750636812704264,-0.33913678394685787,0.02020348879843248,0.06455382311135247,-0.0663133646499463,-0.03577617644732663,-0.22523062405207567
-0.14409866201369276,-0.2381637190995996,-0.00577164951582891,-0.05837172230129053,-0.06153104228170809,-0.03804214632088691,-0.23760370161358352
-0.0708115855889275,-0.25177583770688433,-0.00577164951582891,-0.06141564755083248,-0.06153104228170809,0.001659489574133536,-0.25152341387027977
-0.07452995523354795,-0.26708947114007964,0.020927868898428053,0.06455382311135247,-0.0706761100109216,-0.04052392284907197,-1.2566839167099981
-0.07874410749745114,-0.33913678394685787,0.021728499535265264,0.06455382311135247,-0.06153104228170809,-0.043253877030075535,-1.2566839167099981
-0.0835602815133405,-0.2844449223643677,0.022618089131751052,-0.06479778671699019,-0.07555211953201169,-0.04627119480907947,-1.2566839167099981
-0.02439585601964725,-0.33913678394685787,0.02361233632782341,-0.06857782460857823,-0.081037630243238,-0.04962377011908385,-1.2566839167099981
-0.03454366229771766,-0.33913678394685787,0.024730864423404806,-0.07283036723661478,-0.06153104228170809,-0.053370766053794594,-1.2566839167099981
-0.034497322963085664,-0.33913678394685787,-0.00577164951582891,-0.07764991554838953,-0.06153104228170809,-0.05758613648034422,-0.26729908776120215
-0.04079454079407463,-0.304279723763554,0.02599852959839706,-0.08315797076184638,-0.08725454238262781,-0.062363556297100456,-0.2853284293508279
-0.08911740537782825,-0.33913678394685787,0.027447289798388202,-0.08951341908506581,-0.09435958482764474,-0.06782346465910757,-1.2566839167099981
-0.03845440267193695,-0.3271660330703075,0.029118936182993372,0.06455382311135247,-0.1025577107257412,-0.07412335892296193,-0.3061315158003962
